{
  "version" : 8,
  "glyphs" : "{fontstack}\/{range}.pbf",
  "layers" : [
    {
      "paint" : {
        "background-color" : "rgba(255, 255, 255, 1)"
      },
      "maxzoom" : 15,
      "type" : "background",
      "id" : "background"
    },
    {
      "source" : "combined",
      "paint" : {
        "fill-outline-color" : "rgba(192, 240, 168, 1)",
        "fill-opacity" : 1,
        "fill-color" : "rgba(192, 240, 168, 1)"
      },
      "type" : "fill",
      "source-layer" : "park",
      "id" : "park"
    },
    {
      "source" : "combined",
      "paint" : {
        "line-color" : {
          "stops" : [
            [
              {
                "zoom" : 6,
                "value" : 0
              },
              "rgba(228, 241, 215, 1)"
            ],
            [
              {
                "zoom" : 10,
                "value" : 0
              },
              "rgba(228, 241, 215, 1)"
            ]
          ],
          "property" : "",
          "type" : "exponential"
        },
        "line-dasharray" : [
          1,
          1.5
        ]
      },
      "type" : "line",
      "source-layer" : "park",
      "id" : "park_outline"
    },
    {
      "filter" : [
        "==",
        "class",
        "residential"
      ],
      "source-layer" : "landuse",
      "id" : "landuse_residential",
      "paint" : {
        "fill-color" : {
          "base" : 1,
          "stops" : [
            [
              9,
              "hsla(0, 3%, 85%, 0.84)"
            ],
            [
              12,
              "hsla(35, 57%, 88%, 0.49)"
            ]
          ]
        }
      },
      "source" : "combined",
      "maxzoom" : 8,
      "type" : "fill"
    },
    {
      "source" : "combined",
      "filter" : [
        "all",
        [
          "==",
          "class",
          "wood"
        ]
      ],
      "type" : "fill",
      "paint" : {
        "fill-antialias" : false,
        "fill-opacity" : 1,
        "fill-color" : "#c0f0a8"
      },
      "id" : "landcover_wood",
      "source-layer" : "landcover"
    },
    {
      "paint" : {
        "fill-antialias" : false,
        "fill-opacity" : 1,
        "fill-color" : "rgba(192, 240, 168, 1)"
      },
      "source" : "combined",
      "type" : "fill",
      "filter" : [
        "all",
        [
          "==",
          "class",
          "grass"
        ]
      ],
      "id" : "landcover_grass",
      "source-layer" : "landcover"
    },
    {
      "source" : "combined",
      "paint" : {
        "fill-antialias" : false,
        "fill-opacity" : 0.8,
        "fill-color" : "rgba(224, 236, 236, 1)"
      },
      "type" : "fill",
      "filter" : [
        "all",
        [
          "==",
          "class",
          "ice"
        ]
      ],
      "id" : "landcover_ice",
      "source-layer" : "landcover"
    },
    {
      "source" : "combined",
      "source-layer" : "landuse",
      "paint" : {
        "fill-opacity" : 1,
        "fill-color" : "rgba(221, 228, 211, 1)"
      },
      "filter" : [
        "==",
        "class",
        "cemetery"
      ],
      "id" : "landuse_cemetery",
      "type" : "fill"
    },
    {
      "source" : "combined",
      "filter" : [
        "==",
        "class",
        "hospital"
      ],
      "type" : "fill",
      "paint" : {
        "fill-opacity" : 0.25,
        "fill-color" : "rgba(204, 0, 0, 1)"
      },
      "id" : "landuse_hospital",
      "source-layer" : "landuse"
    },
    {
      "source" : "combined",
      "filter" : [
        "==",
        "class",
        "school"
      ],
      "paint" : {
        "fill-opacity" : 1,
        "fill-color" : "rgba(235, 230, 224, 1)"
      },
      "type" : "fill",
      "id" : "landuse_school",
      "source-layer" : "landuse"
    },
    {
      "source" : "combined",
      "paint" : {
        "line-width" : {
          "base" : 1.4,
          "stops" : [
            [
              8,
              1
            ],
            [
              20,
              2
            ]
          ]
        },
        "line-opacity" : 1,
        "line-color" : "#a0c8f0",
        "line-dasharray" : [
          3,
          3
        ],
        "line-gap-width" : {
          "stops" : [
            [
              12,
              0
            ],
            [
              20,
              6
            ]
          ]
        }
      },
      "type" : "line",
      "filter" : [
        "all",
        [
          "==",
          "brunnel",
          "tunnel"
        ]
      ],
      "source-layer" : "waterway",
      "id" : "waterway_tunnel"
    },
    {
      "paint" : {
        "line-width" : {
          "stops" : [
            [
              11,
              0.5
            ],
            [
              20,
              6
            ]
          ],
          "base" : 1.2
        },
        "line-color" : "#a0c8f0"
      },
      "id" : "waterway_river",
      "layout" : {
        "line-cap" : "round"
      },
      "type" : "line",
      "filter" : [
        "all",
        [
          "==",
          "class",
          "river"
        ],
        [
          "!=",
          "brunnel",
          "tunnel"
        ]
      ],
      "source" : "combined",
      "source-layer" : "waterway"
    },
    {
      "paint" : {
        "line-width" : {
          "stops" : [
            [
              13,
              0.5
            ],
            [
              20,
              6
            ]
          ],
          "base" : 1.3
        },
        "line-color" : "rgba(144, 223, 254, 1)"
      },
      "type" : "line",
      "layout" : {
        "line-cap" : "round"
      },
      "id" : "waterway_other",
      "filter" : [
        "all",
        [
          "!=",
          "class",
          "river"
        ],
        [
          "!=",
          "brunnel",
          "tunnel"
        ]
      ],
      "source" : "combined",
      "source-layer" : "waterway"
    },
    {
      "source" : "combined",
      "paint" : {
        "fill-color" : "rgba(144, 223, 254, 1)"
      },
      "type" : "fill",
      "filter" : [
        "all",
        [
          "!=",
          "brunnel",
          "tunnel"
        ]
      ],
      "source-layer" : "water",
      "id" : "water"
    },
    {
      "source" : "combined",
      "type" : "fill",
      "paint" : {
        "fill-color" : "rgba(250, 252, 250, 1)"
      },
      "filter" : [
        "all",
        [
          "==",
          "class",
          "sand"
        ]
      ],
      "id" : "landcover_sand",
      "source-layer" : "landcover"
    },
    {
      "paint" : {
        "fill-opacity" : 0.7,
        "fill-color" : "rgba(240, 237, 233, 1)"
      },
      "type" : "fill",
      "id" : "aeroway_fill",
      "filter" : [
        "==",
        "$type",
        "Polygon"
      ],
      "minzoom" : 11,
      "source" : "combined",
      "source-layer" : "aeroway"
    },
    {
      "paint" : {
        "line-width" : {
          "stops" : [
            [
              11,
              3
            ],
            [
              20,
              16
            ]
          ],
          "base" : 1.2
        },
        "line-color" : "#f0ede9"
      },
      "type" : "line",
      "id" : "aeroway_runway",
      "filter" : [
        "all",
        [
          "==",
          "$type",
          "LineString"
        ],
        [
          "==",
          "class",
          "runway"
        ]
      ],
      "minzoom" : 11,
      "source" : "combined",
      "source-layer" : "aeroway"
    },
    {
      "paint" : {
        "line-width" : {
          "stops" : [
            [
              11,
              0.5
            ],
            [
              20,
              6
            ]
          ],
          "base" : 1.2
        },
        "line-color" : "#f0ede9"
      },
      "type" : "line",
      "id" : "aeroway_taxiway",
      "filter" : [
        "all",
        [
          "==",
          "$type",
          "LineString"
        ],
        [
          "==",
          "class",
          "taxiway"
        ]
      ],
      "minzoom" : 11,
      "source" : "combined",
      "source-layer" : "aeroway"
    },
    {
      "paint" : {
        "line-width" : {
          "stops" : [
            [
              12,
              1
            ],
            [
              13,
              3
            ],
            [
              14,
              4
            ],
            [
              20,
              15
            ]
          ],
          "base" : 1.2
        },
        "line-color" : "#e9ac77",
        "line-dasharray" : [
          0.5,
          0.25
        ]
      },
      "id" : "tunnel_motorway_link_casing",
      "layout" : {
        "line-join" : "round"
      },
      "type" : "line",
      "filter" : [
        "all",
        [
          "==",
          "class",
          "motorway"
        ],
        [
          "==",
          "ramp",
          1
        ],
        [
          "==",
          "brunnel",
          "tunnel"
        ]
      ],
      "source" : "combined",
      "source-layer" : "transportation"
    },
    {
      "layout" : {
        "line-join" : "round"
      },
      "paint" : {
        "line-width" : {
          "stops" : [
            [
              15,
              1
            ],
            [
              16,
              4
            ],
            [
              20,
              11
            ]
          ],
          "base" : 1.2
        },
        "line-color" : "#cfcdca",
        "line-dasharray" : [
          0.5,
          0.25
        ]
      },
      "id" : "tunnel_service_track_casing",
      "source-layer" : "transportation",
      "type" : "line",
      "source" : "combined",
      "filter" : [
        "all",
        [
          "==",
          "brunnel",
          "tunnel"
        ],
        [
          "in",
          "class",
          "service",
          "track"
        ]
      ]
    },
    {
      "layout" : {
        "line-join" : "round"
      },
      "paint" : {
        "line-width" : {
          "stops" : [
            [
              12,
              1
            ],
            [
              13,
              3
            ],
            [
              14,
              4
            ],
            [
              20,
              15
            ]
          ],
          "base" : 1.2
        },
        "line-color" : "#e9ac77"
      },
      "id" : "tunnel_link_casing",
      "source-layer" : "transportation",
      "type" : "line",
      "source" : "combined",
      "filter" : [
        "all",
        [
          "==",
          "ramp",
          1
        ],
        [
          "==",
          "brunnel",
          "tunnel"
        ]
      ]
    },
    {
      "layout" : {
        "line-join" : "round"
      },
      "paint" : {
        "line-opacity" : {
          "stops" : [
            [
              12,
              0
            ],
            [
              12.5,
              1
            ]
          ]
        },
        "line-width" : {
          "stops" : [
            [
              12,
              0.5
            ],
            [
              13,
              1
            ],
            [
              14,
              4
            ],
            [
              20,
              15
            ]
          ],
          "base" : 1.2
        },
        "line-color" : "#cfcdca"
      },
      "id" : "tunnel_street_casing",
      "type" : "line",
      "source-layer" : "transportation",
      "source" : "combined",
      "filter" : [
        "all",
        [
          "==",
          "brunnel",
          "tunnel"
        ],
        [
          "in",
          "class",
          "street",
          "street_limited"
        ]
      ]
    },
    {
      "layout" : {
        "line-join" : "round"
      },
      "paint" : {
        "line-width" : {
          "stops" : [
            [
              8,
              1.5
            ],
            [
              20,
              17
            ]
          ],
          "base" : 1.2
        },
        "line-color" : "#e9ac77"
      },
      "id" : "tunnel_secondary_tertiary_casing",
      "source-layer" : "transportation",
      "type" : "line",
      "source" : "combined",
      "filter" : [
        "all",
        [
          "==",
          "brunnel",
          "tunnel"
        ],
        [
          "in",
          "class",
          "secondary",
          "tertiary"
        ]
      ]
    },
    {
      "layout" : {
        "line-join" : "round"
      },
      "paint" : {
        "line-width" : {
          "stops" : [
            [
              5,
              0.4
            ],
            [
              6,
              0.7
            ],
            [
              7,
              1.75
            ],
            [
              20,
              22
            ]
          ],
          "base" : 1.2
        },
        "line-color" : "#e9ac77"
      },
      "id" : "tunnel_trunk_primary_casing",
      "type" : "line",
      "source-layer" : "transportation",
      "source" : "combined",
      "filter" : [
        "all",
        [
          "==",
          "brunnel",
          "tunnel"
        ],
        [
          "in",
          "class",
          "primary",
          "trunk"
        ]
      ]
    },
    {
      "layout" : {
        "line-join" : "round"
      },
      "paint" : {
        "line-width" : {
          "stops" : [
            [
              5,
              0.4
            ],
            [
              6,
              0.7
            ],
            [
              7,
              1.75
            ],
            [
              20,
              22
            ]
          ],
          "base" : 1.2
        },
        "line-color" : "#e9ac77",
        "line-dasharray" : [
          0.5,
          0.25
        ]
      },
      "id" : "tunnel_motorway_casing",
      "source-layer" : "transportation",
      "type" : "line",
      "source" : "combined",
      "filter" : [
        "all",
        [
          "==",
          "class",
          "motorway"
        ],
        [
          "!=",
          "ramp",
          1
        ],
        [
          "==",
          "brunnel",
          "tunnel"
        ]
      ]
    },
    {
      "source" : "combined",
      "id" : "tunnel_path_pedestrian",
      "paint" : {
        "line-width" : {
          "stops" : [
            [
              14,
              0.5
            ],
            [
              20,
              10
            ]
          ],
          "base" : 1.2
        },
        "line-color" : "hsl(0, 0%, 100%)",
        "line-dasharray" : [
          1,
          0.75
        ]
      },
      "filter" : [
        "all",
        [
          "==",
          "$type",
          "LineString"
        ],
        [
          "==",
          "brunnel",
          "tunnel"
        ],
        [
          "in",
          "class",
          "path",
          "pedestrian"
        ]
      ],
      "source-layer" : "transportation",
      "type" : "line"
    },
    {
      "layout" : {
        "line-join" : "round"
      },
      "paint" : {
        "line-width" : {
          "stops" : [
            [
              12.5,
              0
            ],
            [
              13,
              1.5
            ],
            [
              14,
              2.5
            ],
            [
              20,
              11.5
            ]
          ],
          "base" : 1.2
        },
        "line-color" : "#fc8"
      },
      "id" : "tunnel_motorway_link",
      "type" : "line",
      "source-layer" : "transportation",
      "source" : "combined",
      "filter" : [
        "all",
        [
          "==",
          "class",
          "motorway"
        ],
        [
          "==",
          "ramp",
          1
        ],
        [
          "==",
          "brunnel",
          "tunnel"
        ]
      ]
    },
    {
      "layout" : {
        "line-join" : "round"
      },
      "paint" : {
        "line-width" : {
          "stops" : [
            [
              15.5,
              0
            ],
            [
              16,
              2
            ],
            [
              20,
              7.5
            ]
          ],
          "base" : 1.2
        },
        "line-color" : "#fff"
      },
      "id" : "tunnel_service_track",
      "type" : "line",
      "source-layer" : "transportation",
      "source" : "combined",
      "filter" : [
        "all",
        [
          "==",
          "brunnel",
          "tunnel"
        ],
        [
          "in",
          "class",
          "service",
          "track"
        ]
      ]
    },
    {
      "layout" : {
        "line-join" : "round"
      },
      "paint" : {
        "line-width" : {
          "stops" : [
            [
              12.5,
              0
            ],
            [
              13,
              1.5
            ],
            [
              14,
              2.5
            ],
            [
              20,
              11.5
            ]
          ],
          "base" : 1.2
        },
        "line-color" : "#fff4c6"
      },
      "id" : "tunnel_link",
      "type" : "line",
      "source-layer" : "transportation",
      "source" : "combined",
      "filter" : [
        "all",
        [
          "==",
          "ramp",
          1
        ],
        [
          "==",
          "brunnel",
          "tunnel"
        ]
      ]
    },
    {
      "layout" : {
        "line-join" : "round"
      },
      "paint" : {
        "line-width" : {
          "stops" : [
            [
              13.5,
              0
            ],
            [
              14,
              2.5
            ],
            [
              20,
              11.5
            ]
          ],
          "base" : 1.2
        },
        "line-color" : "#fff"
      },
      "id" : "tunnel_minor",
      "source-layer" : "transportation",
      "type" : "line",
      "source" : "combined",
      "filter" : [
        "all",
        [
          "==",
          "brunnel",
          "tunnel"
        ],
        [
          "in",
          "class",
          "minor"
        ]
      ]
    },
    {
      "layout" : {
        "line-join" : "round"
      },
      "paint" : {
        "line-width" : {
          "stops" : [
            [
              6.5,
              0
            ],
            [
              7,
              0.5
            ],
            [
              20,
              10
            ]
          ],
          "base" : 1.2
        },
        "line-color" : "#fff4c6"
      },
      "id" : "tunnel_secondary_tertiary",
      "source-layer" : "transportation",
      "type" : "line",
      "source" : "combined",
      "filter" : [
        "all",
        [
          "==",
          "brunnel",
          "tunnel"
        ],
        [
          "in",
          "class",
          "secondary",
          "tertiary"
        ]
      ]
    },
    {
      "layout" : {
        "line-join" : "round"
      },
      "paint" : {
        "line-width" : {
          "stops" : [
            [
              5,
              0
            ],
            [
              7,
              1
            ],
            [
              20,
              18
            ]
          ],
          "base" : 1.2
        },
        "line-color" : "#fff4c6"
      },
      "id" : "tunnel_trunk_primary",
      "type" : "line",
      "source-layer" : "transportation",
      "source" : "combined",
      "filter" : [
        "all",
        [
          "==",
          "brunnel",
          "tunnel"
        ],
        [
          "in",
          "class",
          "primary",
          "trunk"
        ]
      ]
    },
    {
      "layout" : {
        "line-join" : "round"
      },
      "paint" : {
        "line-width" : {
          "stops" : [
            [
              5,
              0
            ],
            [
              7,
              1
            ],
            [
              20,
              18
            ]
          ],
          "base" : 1.2
        },
        "line-color" : "#ffdaa6"
      },
      "id" : "tunnel_motorway",
      "source-layer" : "transportation",
      "type" : "line",
      "source" : "combined",
      "filter" : [
        "all",
        [
          "==",
          "class",
          "motorway"
        ],
        [
          "!=",
          "ramp",
          1
        ],
        [
          "==",
          "brunnel",
          "tunnel"
        ]
      ]
    },
    {
      "source" : "combined",
      "source-layer" : "transportation",
      "paint" : {
        "line-width" : {
          "stops" : [
            [
              14,
              0.4
            ],
            [
              15,
              0.75
            ],
            [
              20,
              2
            ]
          ],
          "base" : 1.4
        },
        "line-color" : "#bbb"
      },
      "type" : "line",
      "id" : "tunnel_major_rail",
      "filter" : [
        "all",
        [
          "==",
          "brunnel",
          "tunnel"
        ],
        [
          "in",
          "class",
          "rail"
        ]
      ]
    },
    {
      "id" : "tunnel_major_rail_hatching",
      "source" : "combined",
      "paint" : {
        "line-width" : {
          "stops" : [
            [
              14.5,
              0
            ],
            [
              15,
              3
            ],
            [
              20,
              8
            ]
          ],
          "base" : 1.4
        },
        "line-color" : "#bbb",
        "line-dasharray" : [
          0.2,
          8
        ]
      },
      "filter" : [
        "all",
        [
          "==",
          "brunnel",
          "tunnel"
        ],
        [
          "==",
          "class",
          "rail"
        ]
      ],
      "type" : "line",
      "source-layer" : "transportation"
    },
    {
      "source" : "combined",
      "source-layer" : "transportation",
      "paint" : {
        "line-width" : {
          "stops" : [
            [
              14,
              0.4
            ],
            [
              15,
              0.75
            ],
            [
              20,
              2
            ]
          ],
          "base" : 1.4
        },
        "line-color" : "#bbb"
      },
      "type" : "line",
      "filter" : [
        "all",
        [
          "==",
          "brunnel",
          "tunnel"
        ],
        [
          "in",
          "class",
          "transit"
        ]
      ],
      "id" : "tunnel_transit_rail"
    },
    {
      "filter" : [
        "all",
        [
          "==",
          "brunnel",
          "tunnel"
        ],
        [
          "==",
          "class",
          "transit"
        ]
      ],
      "source" : "combined",
      "paint" : {
        "line-width" : {
          "stops" : [
            [
              14.5,
              0
            ],
            [
              15,
              3
            ],
            [
              20,
              8
            ]
          ],
          "base" : 1.4
        },
        "line-color" : "#bbb",
        "line-dasharray" : [
          0.2,
          8
        ]
      },
      "type" : "line",
      "source-layer" : "transportation",
      "id" : "tunnel_transit_rail_hatching"
    },
    {
      "filter" : [
        "all",
        [
          "==",
          "$type",
          "Polygon"
        ]
      ],
      "source" : "combined",
      "type" : "fill",
      "paint" : {
        "fill-color" : "#e9e9ed"
      },
      "source-layer" : "transportation",
      "id" : "road_area_pattern"
    },
    {
      "layout" : {
        "line-join" : "round",
        "line-cap" : "round"
      },
      "paint" : {
        "line-width" : {
          "stops" : [
            [
              12,
              1
            ],
            [
              13,
              3
            ],
            [
              14,
              4
            ],
            [
              20,
              15
            ]
          ],
          "base" : 1.2
        },
        "line-color" : "#fee59a"
      },
      "id" : "road_motorway_link_casing",
      "source-layer" : "transportation",
      "type" : "line",
      "minzoom" : 12,
      "source" : "combined",
      "filter" : [
        "all",
        [
          "!in",
          "brunnel",
          "bridge",
          "tunnel"
        ],
        [
          "==",
          "class",
          "motorway"
        ],
        [
          "==",
          "ramp",
          1
        ]
      ]
    },
    {
      "layout" : {
        "line-cap" : "round",
        "line-join" : "round"
      },
      "paint" : {
        "line-opacity" : 1,
        "line-width" : {
          "stops" : [
            [
              15,
              1
            ],
            [
              16,
              4
            ],
            [
              20,
              11
            ]
          ],
          "base" : 1.2
        },
        "line-color" : "#e9e9ed"
      },
      "id" : "road_service_track_casing",
      "type" : "line",
      "source-layer" : "transportation",
      "source" : "combined",
      "filter" : [
        "all",
        [
          "!in",
          "brunnel",
          "bridge",
          "tunnel"
        ],
        [
          "in",
          "class",
          "service",
          "track"
        ]
      ]
    },
    {
      "layout" : {
        "line-cap" : "round",
        "line-join" : "round"
      },
      "paint" : {
        "line-width" : {
          "stops" : [
            [
              12,
              1
            ],
            [
              13,
              3
            ],
            [
              14,
              4
            ],
            [
              20,
              15
            ]
          ],
          "base" : 1.2
        },
        "line-color" : "rgba(254, 229, 154, 1)"
      },
      "id" : "road_link_casing",
      "type" : "line",
      "minzoom" : 13,
      "source" : "combined",
      "source-layer" : "transportation",
      "filter" : [
        "all",
        [
          "!in",
          "brunnel",
          "bridge",
          "tunnel"
        ],
        [
          "!in",
          "class",
          "pedestrian",
          "path",
          "track",
          "service",
          "motorway"
        ],
        [
          "==",
          "ramp",
          1
        ]
      ]
    },
    {
      "layout" : {
        "line-join" : "round",
        "line-cap" : "round"
      },
      "paint" : {
        "line-opacity" : {
          "stops" : [
            [
              12,
              0
            ],
            [
              12.5,
              1
            ]
          ]
        },
        "line-width" : {
          "stops" : [
            [
              12,
              0.5
            ],
            [
              13,
              1
            ],
            [
              14,
              4
            ],
            [
              20,
              20
            ]
          ],
          "base" : 1.2
        },
        "line-color" : "#E9E9ED"
      },
      "id" : "road_minor_casing",
      "source-layer" : "transportation",
      "type" : "line",
      "source" : "combined",
      "filter" : [
        "all",
        [
          "==",
          "$type",
          "LineString"
        ],
        [
          "!in",
          "brunnel",
          "bridge",
          "tunnel"
        ],
        [
          "in",
          "class",
          "minor"
        ],
        [
          "!=",
          "ramp",
          1
        ]
      ]
    },
    {
      "layout" : {
        "line-cap" : "round",
        "line-join" : "round"
      },
      "paint" : {
        "line-width" : {
          "stops" : [
            [
              8,
              1.5
            ],
            [
              20,
              17
            ]
          ],
          "base" : 1.2
        },
        "line-color" : "#e9e9ed"
      },
      "id" : "road_secondary_tertiary_casing",
      "type" : "line",
      "source-layer" : "transportation",
      "source" : "combined",
      "filter" : [
        "all",
        [
          "!in",
          "brunnel",
          "bridge",
          "tunnel"
        ],
        [
          "in",
          "class",
          "secondary",
          "tertiary"
        ],
        [
          "!=",
          "ramp",
          1
        ]
      ]
    },
    {
      "layout" : {
        "line-join" : "round"
      },
      "paint" : {
        "line-opacity" : 0,
        "line-width" : {
          "stops" : [
            [
              5,
              0.4
            ],
            [
              6,
              0.7
            ],
            [
              7,
              1.75
            ],
            [
              20,
              22
            ]
          ],
          "base" : 1.2
        },
        "line-color" : "#fee59a"
      },
      "id" : "road_trunk_primary_casing",
      "type" : "line",
      "source-layer" : "transportation",
      "source" : "combined",
      "filter" : [
        "all",
        [
          "!in",
          "brunnel",
          "bridge",
          "tunnel"
        ],
        [
          "in",
          "class",
          "primary",
          "trunk"
        ]
      ]
    },
    {
      "layout" : {
        "line-cap" : "round",
        "line-join" : "round"
      },
      "paint" : {
        "line-width" : {
          "stops" : [
            [
              5,
              0.4
            ],
            [
              6,
              0.7
            ],
            [
              7,
              1.75
            ],
            [
              20,
              22
            ]
          ],
          "base" : 1.2
        },
        "line-color" : "#e9ac77"
      },
      "id" : "road_motorway_casing",
      "type" : "line",
      "minzoom" : 5,
      "source" : "combined",
      "source-layer" : "transportation",
      "filter" : [
        "all",
        [
          "!in",
          "brunnel",
          "bridge",
          "tunnel"
        ],
        [
          "==",
          "class",
          "motorway"
        ],
        [
          "!=",
          "ramp",
          1
        ]
      ]
    },
    {
      "layout" : {
        "line-join" : "round"
      },
      "paint" : {
        "line-width" : {
          "stops" : [
            [
              14,
              1
            ],
            [
              20,
              10
            ]
          ],
          "base" : 1.2
        },
        "line-color" : "hsl(0, 0%, 100%)",
        "line-dasharray" : [
          1,
          0.7
        ]
      },
      "id" : "road_path_pedestrian",
      "type" : "line",
      "source-layer" : "transportation",
      "source" : "combined",
      "minzoom" : 14,
      "filter" : [
        "all",
        [
          "==",
          "$type",
          "LineString"
        ],
        [
          "!in",
          "brunnel",
          "bridge",
          "tunnel"
        ],
        [
          "in",
          "class",
          "path",
          "pedestrian"
        ]
      ]
    },
    {
      "layout" : {
        "line-cap" : "round",
        "line-join" : "round"
      },
      "paint" : {
        "line-width" : {
          "stops" : [
            [
              12.5,
              0
            ],
            [
              13,
              1.5
            ],
            [
              14,
              2.5
            ],
            [
              20,
              11.5
            ]
          ],
          "base" : 1.2
        },
        "line-color" : "#fc8"
      },
      "id" : "road_motorway_link",
      "minzoom" : 12,
      "source-layer" : "transportation",
      "type" : "line",
      "source" : "combined",
      "filter" : [
        "all",
        [
          "!in",
          "brunnel",
          "bridge",
          "tunnel"
        ],
        [
          "==",
          "class",
          "motorway"
        ],
        [
          "==",
          "ramp",
          1
        ]
      ]
    },
    {
      "layout" : {
        "line-join" : "round",
        "line-cap" : "round"
      },
      "paint" : {
        "line-opacity" : 1,
        "line-width" : {
          "stops" : [
            [
              15.5,
              0
            ],
            [
              16,
              2
            ],
            [
              20,
              7.5
            ]
          ],
          "base" : 1.2
        },
        "line-color" : "#e9e9ed"
      },
      "id" : "road_service_track",
      "type" : "line",
      "source-layer" : "transportation",
      "source" : "combined",
      "filter" : [
        "all",
        [
          "!in",
          "brunnel",
          "bridge",
          "tunnel"
        ],
        [
          "in",
          "class",
          "service",
          "track"
        ]
      ]
    },
    {
      "layout" : {
        "line-join" : "round",
        "line-cap" : "round"
      },
      "paint" : {
        "line-width" : {
          "stops" : [
            [
              12.5,
              0
            ],
            [
              13,
              1.5
            ],
            [
              14,
              2.5
            ],
            [
              20,
              11.5
            ]
          ],
          "base" : 1.2
        },
        "line-color" : "#fea"
      },
      "id" : "road_link",
      "source-layer" : "transportation",
      "minzoom" : 13,
      "source" : "combined",
      "type" : "line",
      "filter" : [
        "all",
        [
          "!in",
          "brunnel",
          "bridge",
          "tunnel"
        ],
        [
          "==",
          "ramp",
          1
        ],
        [
          "!in",
          "class",
          "pedestrian",
          "path",
          "track",
          "service",
          "motorway"
        ]
      ]
    },
    {
      "layout" : {
        "line-join" : "round",
        "line-cap" : "round"
      },
      "paint" : {
        "line-opacity" : 1,
        "line-width" : {
          "stops" : [
            [
              13.5,
              0
            ],
            [
              14,
              2.5
            ],
            [
              20,
              18
            ]
          ],
          "base" : 1.2
        },
        "line-color" : "#e9e9ed"
      },
      "id" : "road_minor",
      "type" : "line",
      "source-layer" : "transportation",
      "source" : "combined",
      "filter" : [
        "all",
        [
          "==",
          "$type",
          "LineString"
        ],
        [
          "!in",
          "brunnel",
          "bridge",
          "tunnel"
        ],
        [
          "in",
          "class",
          "minor"
        ]
      ]
    },
    {
      "layout" : {
        "line-cap" : "round",
        "line-join" : "round"
      },
      "paint" : {
        "line-width" : {
          "stops" : [
            [
              6.5,
              0
            ],
            [
              8,
              0.5
            ],
            [
              20,
              13
            ]
          ],
          "base" : 1.2
        },
        "line-color" : "#e9e9ed"
      },
      "id" : "road_secondary_tertiary",
      "source-layer" : "transportation",
      "type" : "line",
      "source" : "combined",
      "filter" : [
        "all",
        [
          "!in",
          "brunnel",
          "bridge",
          "tunnel"
        ],
        [
          "in",
          "class",
          "secondary",
          "tertiary"
        ]
      ]
    },
    {
      "layout" : {
        "line-join" : "round"
      },
      "paint" : {
        "line-width" : {
          "stops" : [
            [
              5,
              0
            ],
            [
              7,
              1
            ],
            [
              20,
              18
            ]
          ],
          "base" : 1.2
        },
        "line-color" : "#fea"
      },
      "id" : "road_trunk_primary",
      "type" : "line",
      "source-layer" : "transportation",
      "source" : "combined",
      "filter" : [
        "all",
        [
          "!in",
          "brunnel",
          "bridge",
          "tunnel"
        ],
        [
          "in",
          "class",
          "primary",
          "trunk"
        ]
      ]
    },
    {
      "layout" : {
        "line-join" : "round",
        "line-cap" : "round"
      },
      "paint" : {
        "line-width" : {
          "stops" : [
            [
              5,
              0
            ],
            [
              7,
              1
            ],
            [
              20,
              18
            ]
          ],
          "base" : 1.2
        },
        "line-color" : {
          "stops" : [
            [
              5,
              "hsl(26, 87%, 62%)"
            ],
            [
              6,
              "#fc8"
            ]
          ],
          "base" : 1
        }
      },
      "id" : "road_motorway",
      "minzoom" : 5,
      "type" : "line",
      "source-layer" : "transportation",
      "source" : "combined",
      "filter" : [
        "all",
        [
          "!in",
          "brunnel",
          "bridge",
          "tunnel"
        ],
        [
          "==",
          "class",
          "motorway"
        ],
        [
          "!=",
          "ramp",
          1
        ]
      ]
    },
    {
      "source-layer" : "transportation",
      "source" : "combined",
      "type" : "line",
      "filter" : [
        "all",
        [
          "!in",
          "brunnel",
          "bridge",
          "tunnel"
        ],
        [
          "==",
          "class",
          "rail"
        ]
      ],
      "id" : "road_major_rail",
      "paint" : {
        "line-width" : {
          "stops" : [
            [
              14,
              0.4
            ],
            [
              15,
              0.75
            ],
            [
              20,
              2
            ]
          ],
          "base" : 1.4
        },
        "line-color" : "#bbb"
      }
    },
    {
      "source" : "combined",
      "type" : "line",
      "paint" : {
        "line-width" : {
          "stops" : [
            [
              14.5,
              0
            ],
            [
              15,
              3
            ],
            [
              20,
              8
            ]
          ],
          "base" : 1.4
        },
        "line-color" : "#bbb",
        "line-dasharray" : [
          0.2,
          8
        ]
      },
      "filter" : [
        "all",
        [
          "!in",
          "brunnel",
          "bridge",
          "tunnel"
        ],
        [
          "==",
          "class",
          "rail"
        ]
      ],
      "source-layer" : "transportation",
      "id" : "road_major_rail_hatching"
    },
    {
      "source" : "combined",
      "filter" : [
        "all",
        [
          "!in",
          "brunnel",
          "bridge",
          "tunnel"
        ],
        [
          "==",
          "class",
          "transit"
        ]
      ],
      "paint" : {
        "line-width" : {
          "stops" : [
            [
              14,
              0.4
            ],
            [
              15,
              0.75
            ],
            [
              20,
              2
            ]
          ],
          "base" : 1.4
        },
        "line-color" : "#bbb"
      },
      "type" : "line",
      "source-layer" : "transportation",
      "id" : "road_transit_rail"
    },
    {
      "source" : "combined",
      "type" : "line",
      "paint" : {
        "line-width" : {
          "stops" : [
            [
              14.5,
              0
            ],
            [
              15,
              3
            ],
            [
              20,
              8
            ]
          ],
          "base" : 1.4
        },
        "line-color" : "#bbb",
        "line-dasharray" : [
          0.2,
          8
        ]
      },
      "filter" : [
        "all",
        [
          "!in",
          "brunnel",
          "bridge",
          "tunnel"
        ],
        [
          "==",
          "class",
          "transit"
        ]
      ],
      "id" : "road_transit_rail_hatching",
      "source-layer" : "transportation"
    },
    {
      "paint" : {
        "fill-outline-color" : {
          "stops" : [
            [
              13,
              "#e3e3e3"
            ],
            [
              14,
              "#e3e3e3"
            ]
          ],
          "base" : 1
        },
        "fill-opacity" : 1,
        "fill-color" : "#f2f2f2"
      },
      "id" : "building",
      "maxzoom" : 24,
      "type" : "fill",
      "source-layer" : "building",
      "minzoom" : 2,
      "source" : "combined"
    },
    {
      "layout" : {
        "symbol-placement" : "line",
        "text-max-width" : 5,
        "text-size" : 12,
        "text-field" : "{name}",
        "text-font" : [
          "MetropolisRegular"
        ]
      },
      "paint" : {
        "text-halo-color" : "rgba(255,255,255,0.7)",
        "text-halo-width" : 1,
        "text-color" : "rgba(38, 38, 38, 1)"
      },
      "id" : "water_name_line",
      "source-layer" : "waterway",
      "type" : "symbol",
      "source" : "combined",
      "filter" : [
        "all",
        [
          "==",
          "$type",
          "LineString"
        ]
      ]
    },
    {
      "layout" : {
        "text-max-width" : 5,
        "text-size" : 12,
        "text-field" : "{name}",
        "text-font" : [
          "MetropolisRegular"
        ]
      },
      "paint" : {
        "text-halo-width" : 1,
        "text-halo-color" : "rgba(255,255,255,0.7)",
        "text-color" : "#5d60be"
      },
      "id" : "water_name_point",
      "type" : "symbol",
      "source-layer" : "water_name",
      "source" : "combined",
      "filter" : [
        "==",
        "$type",
        "Point"
      ]
    },
    {
      "layout" : {
        "text-field" : "{name}",
        "text-size" : {
          "base" : 1,
          "stops" : [
            [
              13,
              12
            ],
            [
              14,
              13
            ]
          ]
        },
        "text-anchor" : "center",
        "text-offset" : [
          0,
          0.15
        ],
        "symbol-placement" : "line",
        "text-font" : [
          "MetropolisRegular"
        ]
      },
      "paint" : {
        "text-halo-blur" : 0.5,
        "text-halo-width" : 1,
        "text-color" : "#262626"
      },
      "id" : "road_label",
      "source-layer" : "transportation_name",
      "type" : "symbol",
      "source" : "combined",
      "filter" : [
        "all"
      ]
    },
    {
      "layout" : {
        "text-transform" : "none",
        "text-max-width" : 9,
        "text-letter-spacing" : 0.1,
        "text-size" : {
          "base" : 1.2,
          "stops" : [
            [
              12,
              10
            ],
            [
              15,
              14
            ]
          ]
        },
        "text-field" : "{name_en}",
        "text-font" : [
          "MetropolisBold"
        ]
      },
      "paint" : {
        "text-halo-width" : 1.2,
        "text-halo-color" : "rgba(255,255,255,0.8)",
        "text-color" : "rgba(9, 10, 14, 1)"
      },
      "id" : "place_other",
      "type" : "symbol",
      "source-layer" : "place",
      "source" : "combined",
      "filter" : [
        "all",
        [
          "in",
          "class",
          "hamlet",
          "island",
          "islet",
          "neighbourhood",
          "suburb",
          "quarter"
        ]
      ]
    },
    {
      "layout" : {
        "text-size" : {
          "base" : 1.2,
          "stops" : [
            [
              10,
              12
            ],
            [
              15,
              22
            ]
          ]
        },
        "text-max-width" : 8,
        "text-field" : "{name_en}",
        "text-font" : [
          "MetropolisMedium"
        ]
      },
      "paint" : {
        "text-halo-color" : "rgba(255,255,255,0.8)",
        "text-halo-width" : 1.2,
        "text-color" : "#262626"
      },
      "id" : "place_village",
      "type" : "symbol",
      "source-layer" : "place",
      "source" : "combined",
      "filter" : [
        "all",
        [
          "==",
          "class",
          "village"
        ]
      ]
    },
    {
      "layout" : {
        "text-field" : "{name_en}",
        "text-font" : [
          "MetropolisBold"
        ],
        "text-offset" : [
          0,
          0
        ],
        "text-anchor" : "bottom",
        "text-size" : {
          "base" : 1.2,
          "stops" : [
            [
              7,
              12
            ],
            [
              11,
              16
            ]
          ]
        },
        "text-max-width" : 8,
        "icon-image" : {
          "base" : 1,
          "stops" : [
            [
              0,
              "dot_9"
            ],
            [
              8,
              ""
            ]
          ]
        }
      },
      "paint" : {
        "text-halo-width" : 1.2,
        "text-halo-color" : "rgba(255,255,255,0.8)",
        "text-color" : "#262626"
      },
      "id" : "place_town",
      "source-layer" : "place",
      "type" : "symbol",
      "source" : "combined",
      "filter" : [
        "all",
        [
          "==",
          "class",
          "town"
        ]
      ]
    },
    {
      "layout" : {
        "text-field" : "{name_en}",
        "icon-allow-overlap" : true,
        "text-offset" : [
          0,
          0
        ],
        "text-font" : [
          "MetropolisBold"
        ],
        "text-anchor" : "bottom",
        "icon-optional" : false,
        "text-max-width" : 8,
        "text-size" : {
          "base" : 1.2,
          "stops" : [
            [
              7,
              14
            ],
            [
              11,
              24
            ]
          ]
        },
        "icon-image" : {
          "base" : 1,
          "stops" : [
            [
              0,
              "dot_9"
            ],
            [
              8,
              ""
            ]
          ]
        }
      },
      "paint" : {
        "text-halo-width" : 1.2,
        "text-halo-color" : "rgba(255,255,255,0.8)",
        "text-color" : "#262626"
      },
      "id" : "place_city",
      "type" : "symbol",
      "source-layer" : "place",
      "source" : "combined",
      "minzoom" : 5,
      "filter" : [
        "all",
        [
          "==",
          "class",
          "city"
        ]
      ]
    }
  ],
  "sources" : {
    "combined" : {
      "url" : "mbtiles:\/\/{combined}",
      "type" : "vector"
    }
  },
  "metadata" : {
    "maputnik:license" : "https:\/\/github.com\/maputnik\/osm-liberty\/blob\/gh-pages\/LICENSE.md",
    "maputnik:renderer" : "mbgljs",
    "openmaptiles:version" : "3.x"
  },
  "id" : "map-basic",
  "name" : "basic",
  "sprite" : "{styleJsonFolder}\/basic\/sprite"
}