{
  "id" : "basic",
  "metadata" : {
    "maputnik:renderer" : "mbgljs",
    "mapbox:autocomposite" : false,
    "openmaptiles:mapbox:owner" : "openmaptiles",
    "openmaptiles:mapbox:source:url" : "mapbox:\/\/openmaptiles.4qljc88t",
    "openmaptiles:version" : "3.x",
    "mapbox:type" : "template"
  },
  "name" : "klokantech-basic",
  "sources" : {
    "combined" : {
      "type" : "vector",
      "url" : "mbtiles:\/\/{combined}"
    }
  },
  "glyphs" : "{fontstack}\/{range}.pbf",
  "sprite" : "{styleJsonFolder}\/klokantech-basic\/sprite",
  "layers" : [
    {
      "id" : "background",
      "paint" : {
        "background-color" : "hsl(47, 26%, 88%)"
      },
      "type" : "background"
    },
    {
      "type" : "fill",
      "source-layer" : "landuse",
      "source" : "combined",
      "paint" : {
        "fill-color" : "hsl(47, 13%, 86%)",
        "fill-opacity" : 0.7
      },
      "id" : "landuse-residential",
      "filter" : [
        "all",
        [
          "==",
          "$type",
          "Polygon"
        ],
        [
          "in",
          "class",
          "residential",
          "suburb",
          "neighbourhood"
        ]
      ],
      "layout" : {
        "visibility" : "visible"
      }
    },
    {
      "id" : "landcover_grass",
      "source-layer" : "landcover",
      "filter" : [
        "==",
        "class",
        "grass"
      ],
      "paint" : {
        "fill-color" : "hsl(82, 46%, 72%)",
        "fill-opacity" : 0.45
      },
      "type" : "fill",
      "source" : "combined"
    },
    {
      "id" : "landcover_wood",
      "source-layer" : "landcover",
      "filter" : [
        "==",
        "class",
        "wood"
      ],
      "type" : "fill",
      "source" : "combined",
      "paint" : {
        "fill-color" : "hsl(82, 46%, 72%)",
        "fill-opacity" : {
          "stops" : [
            [
              8,
              0.6
            ],
            [
              22,
              1
            ]
          ],
          "base" : 1
        }
      }
    },
    {
      "type" : "fill",
      "source-layer" : "water",
      "source" : "combined",
      "paint" : {
        "fill-color" : "hsl(205, 56%, 73%)"
      },
      "id" : "water",
      "filter" : [
        "all",
        [
          "==",
          "$type",
          "Polygon"
        ],
        [
          "!=",
          "intermittent",
          1
        ]
      ],
      "layout" : {
        "visibility" : "visible"
      }
    },
    {
      "type" : "fill",
      "source-layer" : "water",
      "source" : "combined",
      "paint" : {
        "fill-color" : "hsl(205, 56%, 73%)",
        "fill-opacity" : 0.7
      },
      "layout" : {
        "visibility" : "visible"
      },
      "filter" : [
        "all",
        [
          "==",
          "$type",
          "Polygon"
        ],
        [
          "==",
          "intermittent",
          1
        ]
      ],
      "id" : "water_intermittent"
    },
    {
      "type" : "fill",
      "source-layer" : "landcover",
      "source" : "combined",
      "paint" : {
        "fill-opacity" : 0.8,
        "fill-color" : "hsl(47, 26%, 88%)"
      },
      "layout" : {
        "visibility" : "visible"
      },
      "filter" : [
        "==",
        "subclass",
        "ice_shelf"
      ],
      "id" : "landcover-ice-shelf"
    },
    {
      "type" : "fill",
      "source-layer" : "landcover",
      "source" : "combined",
      "paint" : {
        "fill-color" : "hsl(47, 22%, 94%)",
        "fill-opacity" : {
          "stops" : [
            [
              0,
              1
            ],
            [
              8,
              0.5
            ]
          ],
          "base" : 1
        }
      },
      "id" : "landcover-glacier",
      "layout" : {
        "visibility" : "visible"
      },
      "filter" : [
        "==",
        "subclass",
        "glacier"
      ]
    },
    {
      "type" : "fill",
      "source-layer" : "landcover",
      "source" : "combined",
      "paint" : {
        "fill-color" : "rgba(232, 214, 38, 1)",
        "fill-antialias" : false,
        "fill-opacity" : 0.3
      },
      "metadata" : {

      },
      "id" : "landcover_sand",
      "filter" : [
        "all",
        [
          "in",
          "class",
          "sand"
        ]
      ]
    },
    {
      "type" : "fill",
      "paint" : {
        "fill-color" : "#eae0d0"
      },
      "id" : "landuse",
      "filter" : [
        "==",
        "class",
        "agriculture"
      ],
      "source" : "combined",
      "source-layer" : "landuse",
      "layout" : {
        "visibility" : "visible"
      }
    },
    {
      "id" : "landuse_overlay_national_park",
      "source-layer" : "landcover",
      "filter" : [
        "==",
        "class",
        "national_park"
      ],
      "type" : "fill",
      "source" : "combined",
      "paint" : {
        "fill-color" : "#E1EBB0",
        "fill-opacity" : {
          "stops" : [
            [
              5,
              0
            ],
            [
              9,
              0.75
            ]
          ],
          "base" : 1
        }
      }
    },
    {
      "type" : "line",
      "paint" : {
        "line-dasharray" : [
          3,
          3
        ],
        "line-gap-width" : {
          "stops" : [
            [
              12,
              0
            ],
            [
              20,
              6
            ]
          ]
        },
        "line-color" : "hsl(205, 56%, 73%)",
        "line-width" : {
          "base" : 1.4,
          "stops" : [
            [
              8,
              1
            ],
            [
              20,
              2
            ]
          ]
        },
        "line-opacity" : 1
      },
      "id" : "waterway-tunnel",
      "filter" : [
        "all",
        [
          "==",
          "$type",
          "LineString"
        ],
        [
          "==",
          "brunnel",
          "tunnel"
        ]
      ],
      "source" : "combined",
      "source-layer" : "waterway",
      "layout" : {
        "visibility" : "visible"
      }
    },
    {
      "type" : "line",
      "paint" : {
        "line-opacity" : 1,
        "line-width" : {
          "stops" : [
            [
              8,
              1
            ],
            [
              20,
              8
            ]
          ],
          "base" : 1.4
        },
        "line-color" : "hsl(205, 56%, 73%)"
      },
      "id" : "waterway",
      "filter" : [
        "all",
        [
          "==",
          "$type",
          "LineString"
        ],
        [
          "!in",
          "brunnel",
          "tunnel",
          "bridge"
        ],
        [
          "!=",
          "intermittent",
          1
        ]
      ],
      "source" : "combined",
      "source-layer" : "waterway",
      "layout" : {
        "visibility" : "visible"
      }
    },
    {
      "type" : "line",
      "paint" : {
        "line-dasharray" : [
          2,
          1
        ],
        "line-color" : "hsl(205, 56%, 73%)",
        "line-width" : {
          "base" : 1.4,
          "stops" : [
            [
              8,
              1
            ],
            [
              20,
              8
            ]
          ]
        },
        "line-opacity" : 1
      },
      "id" : "waterway_intermittent",
      "filter" : [
        "all",
        [
          "==",
          "$type",
          "LineString"
        ],
        [
          "!in",
          "brunnel",
          "tunnel",
          "bridge"
        ],
        [
          "==",
          "intermittent",
          1
        ]
      ],
      "source" : "combined",
      "source-layer" : "waterway",
      "layout" : {
        "visibility" : "visible"
      }
    },
    {
      "type" : "line",
      "paint" : {
        "line-opacity" : {
          "stops" : [
            [
              11,
              0
            ],
            [
              16,
              1
            ]
          ],
          "base" : 1
        },
        "line-dasharray" : [
          3,
          3
        ],
        "line-color" : "hsl(34, 12%, 66%)"
      },
      "id" : "tunnel_railway_transit",
      "filter" : [
        "all",
        [
          "==",
          "$type",
          "LineString"
        ],
        [
          "==",
          "brunnel",
          "tunnel"
        ],
        [
          "==",
          "class",
          "transit"
        ]
      ],
      "source" : "combined",
      "source-layer" : "transportation",
      "minzoom" : 0,
      "layout" : {
        "line-cap" : "butt",
        "line-join" : "miter"
      }
    },
    {
      "source-layer" : "building",
      "id" : "building",
      "paint" : {
        "fill-color" : "rgba(222, 211, 190, 1)",
        "fill-antialias" : true,
        "fill-opacity" : {
          "base" : 1,
          "stops" : [
            [
              13,
              0
            ],
            [
              15,
              1
            ]
          ]
        },
        "fill-outline-color" : {
          "stops" : [
            [
              15,
              "rgba(212, 177, 146, 0)"
            ],
            [
              16,
              "rgba(212, 177, 146, 0.5)"
            ]
          ]
        }
      },
      "type" : "fill",
      "source" : "combined"
    },
    {
      "type" : "symbol",
      "source-layer" : "housenumber",
      "source" : "combined",
      "paint" : {
        "text-color" : "rgba(212, 177, 146, 1)"
      },
      "id" : "housenumber",
      "filter" : [
        "==",
        "$type",
        "Point"
      ],
      "layout" : {
        "text-field" : "{housenumber}",
        "text-font" : [
          "NotoSansRegular"
        ],
        "text-size" : 10
      },
      "minzoom" : 17
    },
    {
      "type" : "fill",
      "source-layer" : "transportation",
      "source" : "combined",
      "paint" : {
        "fill-color" : "hsl(47, 26%, 88%)",
        "fill-antialias" : true
      },
      "metadata" : {

      },
      "layout" : {
        "visibility" : "visible"
      },
      "filter" : [
        "all",
        [
          "==",
          "$type",
          "Polygon"
        ],
        [
          "==",
          "class",
          "pier"
        ]
      ],
      "id" : "road_area_pier"
    },
    {
      "type" : "line",
      "source-layer" : "transportation",
      "source" : "combined",
      "paint" : {
        "line-width" : {
          "stops" : [
            [
              15,
              1
            ],
            [
              17,
              4
            ]
          ],
          "base" : 1.2
        },
        "line-color" : "hsl(47, 26%, 88%)"
      },
      "metadata" : {

      },
      "id" : "road_pier",
      "filter" : [
        "all",
        [
          "==",
          "$type",
          "LineString"
        ],
        [
          "in",
          "class",
          "pier"
        ]
      ],
      "layout" : {
        "line-cap" : "round",
        "line-join" : "round"
      }
    },
    {
      "type" : "fill",
      "source-layer" : "transportation",
      "source" : "combined",
      "paint" : {
        "fill-color" : "hsl(47, 26%, 88%)",
        "fill-opacity" : 0.5
      },
      "id" : "road_bridge_area",
      "layout" : {

      },
      "filter" : [
        "all",
        [
          "==",
          "$type",
          "Polygon"
        ],
        [
          "in",
          "brunnel",
          "bridge"
        ]
      ]
    },
    {
      "type" : "line",
      "source-layer" : "transportation",
      "source" : "combined",
      "paint" : {
        "line-dasharray" : [
          1,
          1
        ],
        "line-width" : {
          "stops" : [
            [
              4,
              0.25
            ],
            [
              20,
              10
            ]
          ],
          "base" : 1.55
        },
        "line-color" : "hsl(0, 0%, 97%)"
      },
      "id" : "road_path",
      "layout" : {
        "line-cap" : "square",
        "line-join" : "bevel"
      },
      "filter" : [
        "all",
        [
          "==",
          "$type",
          "LineString"
        ],
        [
          "in",
          "class",
          "path",
          "track"
        ]
      ]
    },
    {
      "type" : "line",
      "source-layer" : "transportation",
      "source" : "combined",
      "paint" : {
        "line-width" : {
          "stops" : [
            [
              4,
              0.25
            ],
            [
              20,
              30
            ]
          ],
          "base" : 1.55
        },
        "line-color" : "hsl(0, 0%, 97%)"
      },
      "id" : "road_minor",
      "filter" : [
        "all",
        [
          "==",
          "$type",
          "LineString"
        ],
        [
          "in",
          "class",
          "minor",
          "service"
        ]
      ],
      "layout" : {
        "line-cap" : "round",
        "line-join" : "round"
      },
      "minzoom" : 13
    },
    {
      "type" : "line",
      "source-layer" : "transportation",
      "source" : "combined",
      "paint" : {
        "line-color" : "#efefef",
        "line-width" : {
          "stops" : [
            [
              4,
              0.25
            ],
            [
              20,
              30
            ]
          ],
          "base" : 1.55
        },
        "line-dasharray" : [
          0.36,
          0.18
        ]
      },
      "layout" : {
        "line-cap" : "butt",
        "line-join" : "miter"
      },
      "filter" : [
        "all",
        [
          "==",
          "$type",
          "LineString"
        ],
        [
          "==",
          "brunnel",
          "tunnel"
        ],
        [
          "==",
          "class",
          "minor_road"
        ]
      ],
      "id" : "tunnel_minor"
    },
    {
      "type" : "line",
      "source-layer" : "transportation",
      "source" : "combined",
      "paint" : {
        "line-width" : {
          "stops" : [
            [
              6,
              0.5
            ],
            [
              20,
              30
            ]
          ],
          "base" : 1.4
        },
        "line-color" : "#fff",
        "line-dasharray" : [
          0.28,
          0.14
        ]
      },
      "id" : "tunnel_major",
      "filter" : [
        "all",
        [
          "==",
          "$type",
          "LineString"
        ],
        [
          "==",
          "brunnel",
          "tunnel"
        ],
        [
          "in",
          "class",
          "primary",
          "secondary",
          "tertiary",
          "trunk"
        ]
      ],
      "layout" : {
        "line-cap" : "butt",
        "line-join" : "miter"
      }
    },
    {
      "type" : "fill",
      "source-layer" : "aeroway",
      "source" : "combined",
      "paint" : {
        "fill-color" : "rgba(255, 255, 255, 1)",
        "fill-opacity" : {
          "stops" : [
            [
              13,
              0
            ],
            [
              14,
              1
            ]
          ],
          "base" : 1
        }
      },
      "metadata" : {
        "mapbox:group" : "1444849345966.4436"
      },
      "id" : "aeroway-area",
      "filter" : [
        "all",
        [
          "==",
          "$type",
          "Polygon"
        ],
        [
          "in",
          "class",
          "runway",
          "taxiway"
        ]
      ],
      "layout" : {
        "visibility" : "visible"
      },
      "minzoom" : 4
    },
    {
      "type" : "line",
      "source-layer" : "aeroway",
      "source" : "combined",
      "paint" : {
        "line-width" : {
          "stops" : [
            [
              12,
              1
            ],
            [
              17,
              10
            ]
          ],
          "base" : 1.5
        },
        "line-opacity" : 1,
        "line-color" : "rgba(255, 255, 255, 1)"
      },
      "metadata" : {
        "mapbox:group" : "1444849345966.4436"
      },
      "id" : "aeroway-taxiway",
      "filter" : [
        "all",
        [
          "in",
          "class",
          "taxiway"
        ],
        [
          "==",
          "$type",
          "LineString"
        ]
      ],
      "layout" : {
        "visibility" : "visible",
        "line-cap" : "round",
        "line-join" : "round"
      },
      "minzoom" : 12
    },
    {
      "id" : "aeroway-runway",
      "filter" : [
        "all",
        [
          "in",
          "class",
          "runway"
        ],
        [
          "==",
          "$type",
          "LineString"
        ]
      ],
      "minzoom" : 4,
      "type" : "line",
      "source-layer" : "aeroway",
      "layout" : {
        "visibility" : "visible",
        "line-cap" : "round",
        "line-join" : "round"
      },
      "paint" : {
        "line-opacity" : 1,
        "line-width" : {
          "stops" : [
            [
              11,
              4
            ],
            [
              17,
              50
            ]
          ],
          "base" : 1.5
        },
        "line-color" : "rgba(255, 255, 255, 1)"
      },
      "metadata" : {
        "mapbox:group" : "1444849345966.4436"
      },
      "source" : "combined"
    },
    {
      "id" : "road_trunk_primary",
      "type" : "line",
      "filter" : [
        "all",
        [
          "==",
          "$type",
          "LineString"
        ],
        [
          "in",
          "class",
          "trunk",
          "primary"
        ]
      ],
      "layout" : {
        "line-cap" : "round",
        "line-join" : "round"
      },
      "source-layer" : "transportation",
      "paint" : {
        "line-width" : {
          "stops" : [
            [
              6,
              0.5
            ],
            [
              20,
              30
            ]
          ],
          "base" : 1.4
        },
        "line-color" : "#fff"
      },
      "source" : "combined"
    },
    {
      "id" : "road_secondary_tertiary",
      "type" : "line",
      "filter" : [
        "all",
        [
          "==",
          "$type",
          "LineString"
        ],
        [
          "in",
          "class",
          "secondary",
          "tertiary"
        ]
      ],
      "source-layer" : "transportation",
      "layout" : {
        "line-cap" : "round",
        "line-join" : "round"
      },
      "paint" : {
        "line-width" : {
          "stops" : [
            [
              6,
              0.5
            ],
            [
              20,
              20
            ]
          ],
          "base" : 1.4
        },
        "line-color" : "#fff"
      },
      "source" : "combined"
    },
    {
      "id" : "road_major_motorway",
      "filter" : [
        "all",
        [
          "==",
          "$type",
          "LineString"
        ],
        [
          "==",
          "class",
          "motorway"
        ]
      ],
      "type" : "line",
      "layout" : {
        "line-cap" : "round",
        "line-join" : "round"
      },
      "source-layer" : "transportation",
      "paint" : {
        "line-width" : {
          "stops" : [
            [
              8,
              1
            ],
            [
              16,
              10
            ]
          ],
          "base" : 1.4
        },
        "line-offset" : 0,
        "line-color" : "hsl(0, 0%, 100%)"
      },
      "source" : "combined"
    },
    {
      "id" : "railway-transit",
      "type" : "line",
      "filter" : [
        "all",
        [
          "==",
          "class",
          "transit"
        ],
        [
          "!=",
          "brunnel",
          "tunnel"
        ]
      ],
      "source-layer" : "transportation",
      "layout" : {
        "visibility" : "visible"
      },
      "paint" : {
        "line-opacity" : {
          "stops" : [
            [
              11,
              0
            ],
            [
              16,
              1
            ]
          ],
          "base" : 1
        },
        "line-color" : "hsl(34, 12%, 66%)"
      },
      "source" : "combined"
    },
    {
      "id" : "railway",
      "filter" : [
        "==",
        "class",
        "rail"
      ],
      "type" : "line",
      "layout" : {
        "visibility" : "visible"
      },
      "source-layer" : "transportation",
      "paint" : {
        "line-opacity" : {
          "stops" : [
            [
              11,
              0
            ],
            [
              16,
              1
            ]
          ],
          "base" : 1
        },
        "line-color" : "hsl(34, 12%, 66%)"
      },
      "source" : "combined"
    },
    {
      "id" : "waterway-bridge-case",
      "type" : "line",
      "filter" : [
        "all",
        [
          "==",
          "$type",
          "LineString"
        ],
        [
          "==",
          "brunnel",
          "bridge"
        ]
      ],
      "source-layer" : "waterway",
      "layout" : {
        "line-cap" : "butt",
        "line-join" : "miter"
      },
      "paint" : {
        "line-width" : {
          "stops" : [
            [
              12,
              0.5
            ],
            [
              20,
              10
            ]
          ],
          "base" : 1.6
        },
        "line-gap-width" : {
          "stops" : [
            [
              4,
              0.25
            ],
            [
              20,
              30
            ]
          ],
          "base" : 1.55
        },
        "line-color" : "#bbbbbb"
      },
      "source" : "combined"
    },
    {
      "id" : "waterway-bridge",
      "type" : "line",
      "filter" : [
        "all",
        [
          "==",
          "$type",
          "LineString"
        ],
        [
          "==",
          "brunnel",
          "bridge"
        ]
      ],
      "source-layer" : "waterway",
      "layout" : {
        "line-cap" : "round",
        "line-join" : "round"
      },
      "paint" : {
        "line-width" : {
          "stops" : [
            [
              4,
              0.25
            ],
            [
              20,
              30
            ]
          ],
          "base" : 1.55
        },
        "line-color" : "hsl(205, 56%, 73%)"
      },
      "source" : "combined"
    },
    {
      "id" : "bridge_minor case",
      "type" : "line",
      "filter" : [
        "all",
        [
          "==",
          "$type",
          "LineString"
        ],
        [
          "==",
          "brunnel",
          "bridge"
        ],
        [
          "==",
          "class",
          "minor_road"
        ]
      ],
      "source-layer" : "transportation",
      "layout" : {
        "line-cap" : "butt",
        "line-join" : "miter"
      },
      "paint" : {
        "line-width" : {
          "stops" : [
            [
              12,
              0.5
            ],
            [
              20,
              10
            ]
          ],
          "base" : 1.6
        },
        "line-gap-width" : {
          "stops" : [
            [
              4,
              0.25
            ],
            [
              20,
              30
            ]
          ],
          "base" : 1.55
        },
        "line-color" : "#dedede"
      },
      "source" : "combined"
    },
    {
      "id" : "bridge_major case",
      "filter" : [
        "all",
        [
          "==",
          "$type",
          "LineString"
        ],
        [
          "==",
          "brunnel",
          "bridge"
        ],
        [
          "in",
          "class",
          "primary",
          "secondary",
          "tertiary",
          "trunk"
        ]
      ],
      "type" : "line",
      "layout" : {
        "line-cap" : "butt",
        "line-join" : "miter"
      },
      "source-layer" : "transportation",
      "paint" : {
        "line-width" : {
          "stops" : [
            [
              12,
              0.5
            ],
            [
              20,
              10
            ]
          ],
          "base" : 1.6
        },
        "line-gap-width" : {
          "stops" : [
            [
              4,
              0.25
            ],
            [
              20,
              30
            ]
          ],
          "base" : 1.55
        },
        "line-color" : "#dedede"
      },
      "source" : "combined"
    },
    {
      "id" : "bridge_minor",
      "filter" : [
        "all",
        [
          "==",
          "$type",
          "LineString"
        ],
        [
          "==",
          "brunnel",
          "bridge"
        ],
        [
          "==",
          "class",
          "minor_road"
        ]
      ],
      "type" : "line",
      "source-layer" : "transportation",
      "layout" : {
        "line-cap" : "round",
        "line-join" : "round"
      },
      "paint" : {
        "line-width" : {
          "stops" : [
            [
              4,
              0.25
            ],
            [
              20,
              30
            ]
          ],
          "base" : 1.55
        },
        "line-color" : "#efefef"
      },
      "source" : "combined"
    },
    {
      "id" : "bridge_major",
      "type" : "line",
      "filter" : [
        "all",
        [
          "==",
          "$type",
          "LineString"
        ],
        [
          "==",
          "brunnel",
          "bridge"
        ],
        [
          "in",
          "class",
          "primary",
          "secondary",
          "tertiary",
          "trunk"
        ]
      ],
      "source-layer" : "transportation",
      "layout" : {
        "line-cap" : "round",
        "line-join" : "round"
      },
      "paint" : {
        "line-width" : {
          "stops" : [
            [
              6,
              0.5
            ],
            [
              20,
              30
            ]
          ],
          "base" : 1.4
        },
        "line-color" : "#fff"
      },
      "source" : "combined"
    },
    {
      "id" : "admin_sub",
      "type" : "line",
      "filter" : [
        "in",
        "admin_level",
        4,
        6,
        8
      ],
      "source-layer" : "boundary",
      "layout" : {
        "visibility" : "visible"
      },
      "paint" : {
        "line-dasharray" : [
          2,
          1
        ],
        "line-color" : "hsla(0, 0%, 60%, 0.5)"
      },
      "source" : "combined"
    },
    {
      "id" : "admin_country",
      "type" : "line",
      "filter" : [
        "all",
        [
          "<=",
          "admin_level",
          2
        ],
        [
          "==",
          "$type",
          "LineString"
        ]
      ],
      "source-layer" : "boundary",
      "layout" : {
        "line-cap" : "round",
        "line-join" : "round"
      },
      "paint" : {
        "line-width" : {
          "stops" : [
            [
              3,
              0.5
            ],
            [
              22,
              15
            ]
          ],
          "base" : 1.3
        },
        "line-color" : "hsl(0, 0%, 60%)"
      },
      "source" : "combined"
    },
    {
      "id" : "poi_label",
      "filter" : [
        "all",
        [
          "==",
          "$type",
          "Point"
        ],
        [
          "==",
          "rank",
          1
        ]
      ],
      "minzoom" : 14,
      "type" : "symbol",
      "layout" : {
        "icon-size" : 1,
        "visibility" : "visible",
        "text-field" : "{name:latin}\n{name:nonlatin}",
        "text-anchor" : "top",
        "text-max-width" : 8,
        "text-size" : 11,
        "text-font" : [
          "NotoSansRegular"
        ],
        "text-offset" : [
          0,
          0.5
        ]
      },
      "source-layer" : "poi",
      "paint" : {
        "text-halo-color" : "rgba(255,255,255,0.75)",
        "text-halo-blur" : 1,
        "text-halo-width" : 1,
        "text-color" : "#666"
      },
      "source" : "combined"
    },
    {
      "id" : "airport-label",
      "filter" : [
        "all",
        [
          "has",
          "iata"
        ]
      ],
      "minzoom" : 10,
      "type" : "symbol",
      "source-layer" : "aerodrome_label",
      "layout" : {
        "icon-size" : 1,
        "visibility" : "visible",
        "text-field" : "{name:latin}\n{name:nonlatin}",
        "text-anchor" : "top",
        "text-size" : 11,
        "text-max-width" : 8,
        "text-font" : [
          "NotoSansRegular"
        ],
        "text-offset" : [
          0,
          0.5
        ]
      },
      "paint" : {
        "text-halo-color" : "rgba(255,255,255,0.75)",
        "text-halo-blur" : 1,
        "text-halo-width" : 1,
        "text-color" : "#666"
      },
      "source" : "combined"
    },
    {
      "id" : "road_major_label",
      "filter" : [
        "==",
        "$type",
        "LineString"
      ],
      "type" : "symbol",
      "source-layer" : "transportation_name",
      "layout" : {
        "text-rotation-alignment" : "map",
        "text-letter-spacing" : 0.1,
        "text-transform" : "uppercase",
        "text-field" : "{name:latin} {name:nonlatin}",
        "text-size" : {
          "base" : 1.4,
          "stops" : [
            [
              10,
              8
            ],
            [
              20,
              14
            ]
          ]
        },
        "text-font" : [
          "NotoSansRegular"
        ],
        "symbol-placement" : "line"
      },
      "paint" : {
        "text-halo-color" : "hsl(0, 0%, 100%)",
        "text-color" : "#000",
        "text-halo-width" : 2
      },
      "source" : "combined"
    },
    {
      "id" : "place_label_other",
      "type" : "symbol",
      "minzoom" : 8,
      "filter" : [
        "all",
        [
          "==",
          "$type",
          "Point"
        ],
        [
          "!in",
          "class",
          "city",
          "state",
          "country",
          "continent"
        ]
      ],
      "layout" : {
        "text-max-width" : 6,
        "text-font" : [
          "NotoSansRegular"
        ],
        "visibility" : "visible",
        "text-anchor" : "center",
        "text-field" : "{name:latin}\n{name:nonlatin}",
        "text-size" : {
          "stops" : [
            [
              6,
              10
            ],
            [
              12,
              14
            ]
          ]
        }
      },
      "source-layer" : "place",
      "paint" : {
        "text-halo-color" : "hsl(0, 0%, 100%)",
        "text-halo-blur" : 0,
        "text-halo-width" : 2,
        "text-color" : "hsl(0, 0%, 25%)"
      },
      "source" : "combined"
    },
    {
      "id" : "place_label_city",
      "type" : "symbol",
      "filter" : [
        "all",
        [
          "==",
          "$type",
          "Point"
        ],
        [
          "==",
          "class",
          "city"
        ]
      ],
      "maxzoom" : 16,
      "layout" : {
        "text-max-width" : 10,
        "text-font" : [
          "NotoSansRegular"
        ],
        "text-size" : {
          "stops" : [
            [
              3,
              12
            ],
            [
              8,
              16
            ]
          ]
        },
        "text-field" : "{name:latin}\n{name:nonlatin}"
      },
      "source-layer" : "place",
      "paint" : {
        "text-halo-color" : "hsla(0, 0%, 100%, 0.75)",
        "text-halo-blur" : 0,
        "text-color" : "hsl(0, 0%, 0%)",
        "text-halo-width" : 2
      },
      "source" : "combined"
    },
    {
      "id" : "country_label-other",
      "filter" : [
        "all",
        [
          "==",
          "$type",
          "Point"
        ],
        [
          "==",
          "class",
          "country"
        ],
        [
          "!has",
          "iso_a2"
        ]
      ],
      "type" : "symbol",
      "maxzoom" : 12,
      "layout" : {
        "text-max-width" : 10,
        "text-font" : [
          "NotoSansRegular"
        ],
        "visibility" : "visible",
        "text-size" : {
          "stops" : [
            [
              3,
              12
            ],
            [
              8,
              22
            ]
          ]
        },
        "text-field" : "{name:latin}"
      },
      "source-layer" : "place",
      "paint" : {
        "text-halo-color" : "rgba(255,255,255,0.75)",
        "text-halo-blur" : 0,
        "text-halo-width" : 2,
        "text-color" : "hsl(0, 0%, 13%)"
      },
      "source" : "combined"
    },
    {
      "id" : "country_label",
      "filter" : [
        "all",
        [
          "==",
          "$type",
          "Point"
        ],
        [
          "==",
          "class",
          "country"
        ],
        [
          "has",
          "iso_a2"
        ]
      ],
      "type" : "symbol",
      "maxzoom" : 12,
      "layout" : {
        "text-max-width" : 10,
        "text-font" : [
          "NotoSansBold"
        ],
        "visibility" : "visible",
        "text-field" : "{name:latin}",
        "text-size" : {
          "stops" : [
            [
              3,
              12
            ],
            [
              8,
              22
            ]
          ]
        }
      },
      "source-layer" : "place",
      "paint" : {
        "text-halo-color" : "rgba(255,255,255,0.75)",
        "text-halo-width" : 2,
        "text-color" : "hsl(0, 0%, 13%)",
        "text-halo-blur" : 0
      },
      "source" : "combined"
    }
  ],
  "version" : 8
}